{
  "kafka_gen_msg" : {
    "transaction" : "kafka_gen_msg",
    "sampleCount" : 12316,
    "errorCount" : 0,
    "errorPct" : 0.0,
    "meanResTime" : 10.084361805781134,
    "medianResTime" : 8.0,
    "minResTime" : 4.0,
    "maxResTime" : 1446.0,
    "pct1ResTime" : 14.0,
    "pct2ResTime" : 15.0,
    "pct3ResTime" : 30.0,
    "throughput" : 10.263743883088656,
    "receivedKBytesPerSec" : 0.020046374771657532,
    "sentKBytesPerSec" : 0.0
  },
  "TG_14rps" : {
    "transaction" : "TG_14rps",
    "sampleCount" : 4223,
    "errorCount" : 0,
    "errorPct" : 0.0,
    "meanResTime" : 7.861709685058019,
    "medianResTime" : 8.0,
    "minResTime" : 4.0,
    "maxResTime" : 157.0,
    "pct1ResTime" : 9.0,
    "pct2ResTime" : 10.0,
    "pct3ResTime" : 15.0,
    "throughput" : 14.078684611460977,
    "receivedKBytesPerSec" : 4.203493125681348,
    "sentKBytesPerSec" : 0.0
  },
  "TG_5rps" : {
    "transaction" : "TG_5rps",
    "sampleCount" : 1488,
    "errorCount" : 0,
    "errorPct" : 0.0,
    "meanResTime" : 15.750672043010773,
    "medianResTime" : 11.0,
    "minResTime" : 5.0,
    "maxResTime" : 1449.0,
    "pct1ResTime" : 19.0,
    "pct2ResTime" : 28.549999999999955,
    "pct3ResTime" : 100.6599999999994,
    "throughput" : 4.9622826500190085,
    "receivedKBytesPerSec" : 1.474408696750505,
    "sentKBytesPerSec" : 0.0
  },
  "Debug Sampler" : {
    "transaction" : "Debug Sampler",
    "sampleCount" : 12316,
    "errorCount" : 0,
    "errorPct" : 0.0,
    "meanResTime" : 0.050909386164339175,
    "medianResTime" : 0.0,
    "minResTime" : 0.0,
    "maxResTime" : 48.0,
    "pct1ResTime" : 0.0,
    "pct2ResTime" : 0.0,
    "pct3ResTime" : 1.0,
    "throughput" : 10.276187130736028,
    "receivedKBytesPerSec" : 3.042973733447003,
    "sentKBytesPerSec" : 0.0
  },
  "Total" : {
    "transaction" : "Total",
    "sampleCount" : 24632,
    "errorCount" : 0,
    "errorPct" : 0.0,
    "meanResTime" : 5.067635595972737,
    "medianResTime" : 2.5,
    "minResTime" : 0.0,
    "maxResTime" : 1446.0,
    "pct1ResTime" : 10.0,
    "pct2ResTime" : 13.0,
    "pct3ResTime" : 16.0,
    "throughput" : 20.527487766177313,
    "receivedKBytesPerSec" : 3.059335426802489,
    "sentKBytesPerSec" : 0.0
  },
  "TG_10rps" : {
    "transaction" : "TG_10rps",
    "sampleCount" : 2998,
    "errorCount" : 0,
    "errorPct" : 0.0,
    "meanResTime" : 10.586724482988624,
    "medianResTime" : 10.0,
    "minResTime" : 5.0,
    "maxResTime" : 136.0,
    "pct1ResTime" : 14.0,
    "pct2ResTime" : 15.0,
    "pct3ResTime" : 24.019999999999527,
    "throughput" : 9.994699275567662,
    "receivedKBytesPerSec" : 2.983083469324141,
    "sentKBytesPerSec" : 0.0
  },
  "TG_12rps" : {
    "transaction" : "TG_12rps",
    "sampleCount" : 3607,
    "errorCount" : 0,
    "errorPct" : 0.0,
    "meanResTime" : 10.105350706958705,
    "medianResTime" : 9.0,
    "minResTime" : 5.0,
    "maxResTime" : 291.0,
    "pct1ResTime" : 14.0,
    "pct2ResTime" : 15.0,
    "pct3ResTime" : 25.0,
    "throughput" : 12.026339918312912,
    "receivedKBytesPerSec" : 3.578449951029424,
    "sentKBytesPerSec" : 0.0
  }
}